{
	"model": {
		"type": "minecraft:select",
		"property": "minecraft:component",
		"component": "minecraft:axolotl/variant",
		"cases": [
			{
				"when": "lucy",
				"model": {
					"type": "minecraft:select",
					"property": "minecraft:display_context",
					"cases": [
						{
							"when": [
								"gui",
								"ground",
								"fixed"
							],
							"model": {
								"type": "minecraft:model",
								"model": "minecraft:item/axolotl_bucket"
							}
						}
					],
					"fallback": {
						"type": "minecraft:model",
						"model": "item/held_lucy_bucket"
					}
				}
			},
			{
				"when": "wild",
				"model": {
					"type": "minecraft:select",
					"property": "minecraft:display_context",
					"cases": [
						{
							"when": [
								"gui",
								"ground",
								"fixed"
							],
							"model": {
								"type": "minecraft:model",
								"model": "minecraft:item/2d/wild_axolotl_bucket"
							}
						}
					],
					"fallback": {
						"type": "minecraft:model",
						"model": "item/held_wild_bucket"
					}
				}
			},
			{
				"when": "gold",
				"model": {
					"type": "minecraft:select",
					"property": "minecraft:display_context",
					"cases": [
						{
							"when": [
								"gui",
								"ground",
								"fixed"
							],
							"model": {
								"type": "minecraft:model",
								"model": "minecraft:item/2d/gold_axolotl_bucket"
							}
						}
					],
					"fallback": {
						"type": "minecraft:model",
						"model": "item/held_gold_bucket"
					}
				}
			},
			{
				"when": "cyan",
				"model": {
					"type": "minecraft:select",
					"property": "minecraft:display_context",
					"cases": [
						{
							"when": [
								"gui",
								"ground",
								"fixed"
							],
							"model": {
								"type": "minecraft:model",
								"model": "minecraft:item/2d/cyan_axolotl_bucket"
							}
						}
					],
					"fallback": {
						"type": "minecraft:model",
						"model": "item/held_cyan_bucket"
					}
				}
			},
			{
				"when": "blue",
				"model": {
					"type": "minecraft:select",
					"property": "minecraft:display_context",
					"cases": [
						{
							"when": [
								"gui",
								"ground",
								"fixed"
							],
							"model": {
								"type": "minecraft:model",
								"model": "minecraft:item/2d/blue_axolotl_bucket"
							}
						}
					],
					"fallback": {
						"type": "minecraft:model",
						"model": "item/held_blue_bucket"
					}
				}
			}
		],
		"fallback": {
			"type": "minecraft:select",
			"property": "minecraft:display_context",
			"cases": [
				{
					"when": [
						"gui",
						"ground",
						"fixed"
					],
					"model": {
						"type": "minecraft:model",
						"model": "minecraft:item/axolotl_bucket"
					}
				}
			],
			"fallback": {
				"type": "minecraft:model",
				"model": "item/held_lucy_bucket"
			}
		}
	}
}