{
  "model": {
    "type": "minecraft:condition",
    "property": "minecraft:component",
    "predicate": "minecraft:enchantments",
    "value": [
      {}
    ],
    "on_true": {
      "type": "minecraft:select",
      "property": "minecraft:display_context",
      "cases": [
        {
          "when": [
            "gui",
            "ground",
            "fixed"
          ],
          "model": {
            "type": "minecraft:range_dispatch",
            "property": "minecraft:use_duration",
            "scale": 0.05,
            "entries": [
              {
                "threshold": 0.1,
                "model": {
                  "type": "minecraft:model",
                  "model": "minecraft:item/bow_pulling_0"
                }
              },
              {
                "model": {
                  "type": "minecraft:model",
                  "model": "minecraft:item/bow_pulling_1"
                },
                "threshold": 0.65
              },
              {
                "model": {
                  "type": "minecraft:model",
                  "model": "minecraft:item/bow_pulling_2"
                },
                "threshold": 0.9
              }
            ],
            "fallback": {
              "type": "minecraft:model",
              "model": "minecraft:item/bow"
            }
          }
        }
      ],
      "fallback": {
        "type": "minecraft:range_dispatch",
        "property": "minecraft:use_duration",
        "scale": 0.05,
        "entries": [
          {
            "threshold": 0.1,
            "model": {
              "type": "minecraft:model",
              "model": "item/enchanted/held_bow_0"
            }
          },
          {
            "model": {
              "type": "minecraft:model",
              "model": "item/enchanted/held_bow_1"
            },
            "threshold": 0.65
          },
          {
            "model": {
              "type": "minecraft:model",
              "model": "item/enchanted/held_bow_2"
            },
            "threshold": 0.9
          }
        ],
        "fallback": {
          "type": "minecraft:model",
          "model": "item/enchanted/held_bow"
        }
      }
    },
    "on_false": {
      "type": "minecraft:select",
      "property": "minecraft:display_context",
      "cases": [
        {
          "when": [
            "gui",
            "ground",
            "fixed"
          ],
          "model": {
            "type": "minecraft:range_dispatch",
            "property": "minecraft:use_duration",
            "scale": 0.05,
            "entries": [
              {
                "threshold": 0.1,
                "model": {
                  "type": "minecraft:model",
                  "model": "minecraft:item/bow_pulling_0"
                }
              },
              {
                "model": {
                  "type": "minecraft:model",
                  "model": "minecraft:item/bow_pulling_1"
                },
                "threshold": 0.65
              },
              {
                "model": {
                  "type": "minecraft:model",
                  "model": "minecraft:item/bow_pulling_2"
                },
                "threshold": 0.9
              }
            ],
            "fallback": {
              "type": "minecraft:model",
              "model": "minecraft:item/bow"
            }
          }
        }
      ],
      "fallback": {
        "type": "minecraft:range_dispatch",
        "property": "minecraft:use_duration",
        "scale": 0.05,
        "entries": [
          {
            "threshold": 0.1,
            "model": {
              "type": "minecraft:model",
              "model": "item/held_bow_0"
            }
          },
          {
            "model": {
              "type": "minecraft:model",
              "model": "item/held_bow_1"
            },
            "threshold": 0.65
          },
          {
            "model": {
              "type": "minecraft:model",
              "model": "item/held_bow_2"
            },
            "threshold": 0.9
          }
        ],
        "fallback": {
          "type": "minecraft:model",
          "model": "item/held_bow"
        }
      }
    }
  }
}