{
	"model": {
		"type": "minecraft:condition",
		"property": "minecraft:has_component",
		"component": "minecraft:enchantments",
		"ignore_default": true,
		"on_true": {
			"type": "minecraft:select",
			"property": "minecraft:display_context",
			"cases": [
				{
					"when": [
						"gui",
						"ground",
						"fixed"
					],
					"model": {
						"type": "minecraft:model",
						"model": "minecraft:item/carrot_on_a_stick"
					}
				}
			],
			"fallback": {
				"type": "minecraft:range_dispatch",
				"property": "minecraft:damage",
				"entries": [
					{
						"threshold": 0.25,
						"model": {
							"type": "minecraft:model",
							"model": "item/enchanted/carrot_stick_1"
						}
					},
					{
						"threshold": 0.5,
						"model": {
							"type": "minecraft:model",
							"model": "item/enchanted/carrot_stick_2"
						}
					},
					{
						"threshold": 0.75,
						"model": {
							"type": "minecraft:model",
							"model": "item/enchanted/carrot_stick_3"
						}
					},
					{
						"threshold": 1,
						"model": {
							"type": "minecraft:model",
							"model": "item/enchanted/carrot_stick_4"
						}
					}
				],
				"fallback": {
					"type": "minecraft:model",
					"model": "item/enchanted/carrot_stick_0"
				}
			}
		},
		"on_false": {
			"type": "minecraft:select",
			"property": "minecraft:display_context",
			"cases": [
				{
					"when": [
						"gui",
						"ground",
						"fixed"
					],
					"model": {
						"type": "minecraft:model",
						"model": "minecraft:item/carrot_on_a_stick"
					}
				}
			],
			"fallback": {
				"type": "minecraft:range_dispatch",
				"property": "minecraft:damage",
				"entries": [
					{
						"threshold": 0.25,
						"model": {
							"type": "minecraft:model",
							"model": "item/carrot_stick_1"
						}
					},
					{
						"threshold": 0.5,
						"model": {
							"type": "minecraft:model",
							"model": "item/carrot_stick_2"
						}
					},
					{
						"threshold": 0.75,
						"model": {
							"type": "minecraft:model",
							"model": "item/carrot_stick_3"
						}
					},
					{
						"threshold": 1,
						"model": {
							"type": "minecraft:model",
							"model": "item/carrot_stick_4"
						}
					}
				],
				"fallback": {
					"type": "minecraft:model",
					"model": "item/carrot_stick_0"
				}
			}
		}
	}
}