{
  "model": {
    "type": "minecraft:condition",
    "property": "minecraft:has_component",
    "component": "minecraft:enchantments",
    "ignore_default": true,
    "on_true": {
      "type": "minecraft:select",
      "property": "minecraft:display_context",
      "cases": [
        {
          "when": [
            "gui",
            "ground",
            "fixed"
          ],
          "model": {
            "type": "minecraft:model",
            "model": "minecraft:item/golden_shovel"
          }
        }
      ],
      "fallback": {
        "type": "minecraft:model",
        "model": "item/enchanted/tools/golden/shovel"
      }
    },
    "on_false": {
      "type": "minecraft:select",
      "property": "minecraft:display_context",
      "cases": [
        {
          "when": [
            "gui",
            "ground",
            "fixed"
          ],
          "model": {
            "type": "minecraft:model",
            "model": "minecraft:item/golden_shovel"
          }
        }
      ],
      "fallback": {
        "type": "minecraft:model",
        "model": "item/tools/golden/shovel"
      }
    }
  }
}