{
  "model": {
    "type": "minecraft:select",
    "property": "minecraft:display_context",
    "cases": [
      {
        "when": [
          "thirdperson_lefthand",
          "thirdperson_righthand",
          "firstperson_lefthand",
          "firstperson_righthand",
          "head",
          "ground"
        ],
        "model": {
          "type": "model",
          "model": "minecraft:item/weathered_copper_bars_held"
        } 
      }
    ],
    "fallback": {
      "type": "model",
      "model": "minecraft:item/weathered_copper_bars"
    }
  }
}