{
	"credit": "Made with Blockbench",
	"parent": "block/block",
	"ambientocclusion": false,
	"textures": {
		"1": "block/chorus_plant_hole_1",
		"2": "block/chorus_plant_hole_2",
		"particle": "block/chorus_plant",
		"inside": "block/chorus_plant"
	},
	"elements": [
		{
			"from": [4, 0, 4],
			"to": [12, 12, 12],
			"faces": {
				"north": {"uv": [4, 4, 12, 16], "texture": "#inside"},
				"east": {"uv": [4, 4, 12, 16], "texture": "#inside"},
				"south": {"uv": [4, 4, 12, 16], "texture": "#inside"},
				"west": {"uv": [4, 4, 12, 16], "texture": "#inside"},
				"up": {"uv": [4, 4, 12, 12], "texture": "#inside"},
				"down": {"uv": [12, 12, 4, 4], "texture": "#inside"}
			}
		},
		{
			"from": [12, 6, 6],
			"to": [15, 12, 12],
			"faces": {
				"north": {"uv": [1, 5, 4, 11], "texture": "#1"},
				"east": {"uv": [5, 5, 11, 11], "texture": "#1"},
				"south": {"uv": [12, 5, 15, 11], "texture": "#1"},
				"up": {"uv": [5, 1, 11, 4], "rotation": 90, "texture": "#1"},
				"down": {"uv": [5, 12, 11, 15], "rotation": 270, "texture": "#1"}
			}
		},
		{
			"from": [4, 5, 1],
			"to": [8, 9, 4],
			"faces": {
				"north": {"uv": [6, 6, 10, 10], "texture": "#2"},
				"east": {"uv": [12, 6, 15, 10], "texture": "#2"},
				"west": {"uv": [1, 6, 4, 10], "texture": "#2"},
				"up": {"uv": [6, 1, 10, 4], "texture": "#2"},
				"down": {"uv": [6, 12, 10, 15], "texture": "#2"}
			}
		},
		{
			"from": [4, 12, 5],
			"to": [8, 15, 9],
			"faces": {
				"north": {"uv": [6, 1, 10, 4], "texture": "#2"},
				"east": {"uv": [1, 6, 4, 10], "rotation": 90, "texture": "#2"},
				"south": {"uv": [6, 12, 10, 15], "rotation": 180, "texture": "#2"},
				"west": {"uv": [12, 6, 15, 10], "rotation": 270, "texture": "#2"},
				"up": {"uv": [6, 6, 10, 10], "texture": "#2"}
			}
		}
	],
	"display": {
		"thirdperson_righthand": {
			"rotation": [0, 45, 0],
			"translation": [0, 1.5, 0],
			"scale": [0.375, 0.375, 0.375]
		},
		"thirdperson_lefthand": {
			"rotation": [0, -45, 0],
			"translation": [0, 1.5, 0],
			"scale": [0.375, 0.375, 0.375]
		},
		"firstperson_righthand": {
			"rotation": [0, 45, 0],
			"translation": [0, 0.75, 0],
			"scale": [0.4, 0.4, 0.4]
		},
		"firstperson_lefthand": {
			"rotation": [0, 225, 0],
			"translation": [0, 0.75, 0],
			"scale": [0.4, 0.4, 0.4]
		},
		"head": {
			"translation": [0, 11.5, 0]
		},
		"fixed": {
			"rotation": [-90, 180, 0],
			"translation": [0, 0, -3],
			"scale": [0.5, 0.5, 0.5]
		}
	}
}