{
	"__comment": "For swords, shovels, bone, etc.",
	
    "parent": "item/handheld",
    "display": {
		"head": {
            "rotation": [ 0, 180, 195 ],
            "translation": [ -2, 13, 0],
            "scale":[ 1, 1, 1]
        },
        "thirdperson_righthand": {
            "rotation": [ 0, 90, 35 ],
            "translation": [ 0, 4.0, 0.5 ],
            "scale": [ 0.85, 0.85, 0.85 ]
        },
        "thirdperson_lefthand": {
            "rotation": [ 0, -90, -35 ],
            "translation": [ 0, 4.0, 0.5 ],
            "scale": [ 0.85, 0.85, 0.85 ]
        }
    }
}