{
	"credit": "Made with Blockbench",
	"textures": {
		"minecart": "entity/minecart",
		"hopper_side": "block/hopper_outside",
		"hopper_top": "block/hopper_top",
		"hopper_inside": "block/hopper_inside",
		"particle": "#hopper_top"
	},
	"elements": [
		{
			"name": "North End",
			"from": [0, 2, -2],
			"to": [16, 10, 0],
			"faces": {
				"north": {"uv": [5, 1, 9, 5], "texture": "#minecart"},
				"east": {"uv": [4.5, 1, 5, 5], "texture": "#minecart"},
				"south": {"uv": [0.5, 1, 4.5, 5], "texture": "#minecart"},
				"west": {"uv": [0, 1, 0.5, 5], "texture": "#minecart"},
				"up": {"uv": [0.5, 0, 4.5, 1], "texture": "#minecart"}
			}
		},
		{
			"name": "South End",
			"from": [0, 2, 16],
			"to": [16, 10, 18],
			"faces": {
				"north": {"uv": [0.5, 1, 4.5, 5], "texture": "#minecart"},
				"east": {"uv": [0, 1, 0.5, 5], "texture": "#minecart"},
				"south": {"uv": [5, 1, 9, 5], "texture": "#minecart"},
				"west": {"uv": [0.5, 1, 0, 5], "texture": "#minecart"},
				"up": {"uv": [0.5, 0, 4.5, 1], "rotation": 180, "texture": "#minecart"}
			}
		},
		{
			"name": "West Side",
			"from": [0, 2, 0],
			"to": [2, 10, 16],
			"faces": {
				"east": {"uv": [0.5, 1, 4.5, 5], "texture": "#minecart"},
				"west": {"uv": [5, 1, 9, 5], "texture": "#minecart"},
				"up": {"uv": [0.5, 0, 4.5, 1], "rotation": 270, "texture": "#minecart"}
			}
		},
		{
			"name": "East Side",
			"from": [14, 2, 0],
			"to": [16, 10, 16],
			"faces": {
				"east": {"uv": [5, 1, 9, 5], "texture": "#minecart"},
				"west": {"uv": [0.5, 1, 4.5, 5], "texture": "#minecart"},
				"up": {"uv": [0.5, 0, 4.5, 1], "rotation": 90, "texture": "#minecart"}
			}
		},
		{
			"name": "Bottom",
			"from": [0, 0, -2],
			"to": [16, 2, 18],
			"faces": {
				"north": {"uv": [5.5, 6, 6, 14], "rotation": 270, "texture": "#minecart"},
				"east": {"uv": [0.5, 5, 5.5, 6], "texture": "#minecart"},
				"south": {"uv": [0, 6, 0.5, 14], "rotation": 90, "texture": "#minecart"},
				"west": {"uv": [5.5, 5, 10.5, 6], "texture": "#minecart"},
				"up": {"uv": [11, 14, 6, 6], "rotation": 90, "texture": "#minecart"},
				"down": {"uv": [0.5, 14, 5.5, 6], "rotation": 90, "texture": "#minecart"}
			}
		},
		{
			"name": "hopper_n",
			"from": [2, 7.25, 2],
			"to": [14, 11.75, 3.5],
			"rotation": {"angle": 0, "axis": "y", "origin": [10, 18.75, 10]},
			"faces": {
				"north": {"uv": [0, 0, 16, 6], "texture": "#hopper_side"},
				"east": {"uv": [14, 0, 16, 6], "texture": "#hopper_side"},
				"south": {"uv": [0, 0, 16, 6], "texture": "#hopper_inside"},
				"west": {"uv": [0, 0, 2, 6], "texture": "#hopper_side"},
				"up": {"uv": [0, 0, 16, 2], "texture": "#hopper_top"}
			}
		},
		{
			"name": "hopper_s",
			"from": [2, 7.25, 12.5],
			"to": [14, 11.75, 14],
			"rotation": {"angle": 0, "axis": "y", "origin": [10, 18.75, 20.5]},
			"faces": {
				"north": {"uv": [0, 0, 16, 6], "texture": "#hopper_inside"},
				"east": {"uv": [0, 0, 2, 6], "texture": "#hopper_side"},
				"south": {"uv": [0, 0, 16, 6], "texture": "#hopper_side"},
				"west": {"uv": [14, 0, 16, 6], "texture": "#hopper_side"},
				"up": {"uv": [0, 14, 16, 16], "texture": "#hopper_top"}
			}
		},
		{
			"name": "hopper_w",
			"from": [2, 7.25, 3.5],
			"to": [3.5, 11.75, 12.5],
			"rotation": {"angle": 0, "axis": "y", "origin": [10, 18.75, 20.5]},
			"faces": {
				"east": {"uv": [2, 0, 14, 6], "texture": "#hopper_inside"},
				"west": {"uv": [2, 0, 14, 6], "texture": "#hopper_side"},
				"up": {"uv": [0, 2, 2, 14], "texture": "#hopper_top"}
			}
		},
		{
			"name": "hopper_e",
			"from": [12.5, 7.25, 3.5],
			"to": [14, 11.75, 12.5],
			"rotation": {"angle": 0, "axis": "y", "origin": [13.25, 11.75, 8]},
			"faces": {
				"east": {"uv": [2, 0, 14, 6], "texture": "#hopper_side"},
				"west": {"uv": [2, 0, 14, 6], "texture": "#hopper_inside"},
				"up": {"uv": [14, 2, 16, 14], "texture": "#hopper_top"}
			}
		},
		{
			"name": "hopper_bottom",
			"from": [3.5, 6.5, 3.5],
			"to": [12.5, 8, 12.5],
			"rotation": {"angle": 0, "axis": "y", "origin": [8, 8.75, 8]},
			"faces": {
				"up": {"uv": [2, 2, 14, 14], "texture": "#hopper_top"}
			}
		}
	],
	"display": {
		"thirdperson_righthand": {
			"rotation": [75, 45, 0],
			"translation": [0, 2.5, 0],
			"scale": [0.375, 0.375, 0.375]
		},
		"firstperson_righthand": {
			"rotation": [0, 45, 0],
			"translation": [0, 1.5, 0],
			"scale": [0.4, 0.4, 0.4]
		},
		"ground": {
			"translation": [0, 3, 0],
			"scale": [0.25, 0.25, 0.25]
		},
		"gui": {
			"rotation": [30, 135, 0],
			"translation": [0, 1, 0],
			"scale": [0.625, 0.625, 0.625]
		},
		"head": {
			"translation": [0, 13, 0]
		},
		"fixed": {
			"rotation": [0, 90, 0],
			"scale": [0.5, 0.5, 0.5]
		}
	}
}