{
	"credit": "Made with Blockbench",
	"textures": {
		"spyglass": "item/spyglass_model",
        "particle": "#spyglass"
	},
	"elements": [
		{
			"from": [7, 7.5, 7],
			"to": [9, 13.5, 9],
			"faces": {
				"north": {"uv": [2, 2, 0, 8], "texture": "#spyglass"},
				"east": {"uv": [0, 2, 2, 8], "texture": "#spyglass"},
				"south": {"uv": [2, 2, 0, 8], "texture": "#spyglass"},
				"west": {"uv": [0, 2, 2, 8], "texture": "#spyglass"},
				"up": {"uv": [0, 0, 2, 2], "texture": "#spyglass"}
			}
		},
		{
			"from": [6.875, 1.4, 6.875],
			"to": [9.125, 7.65, 9.125],
			"faces": {
				"north": {"uv": [2, 8, 0, 14], "texture": "#spyglass"},
				"east": {"uv": [0, 8, 2, 14], "texture": "#spyglass"},
				"south": {"uv": [2, 8, 0, 14], "texture": "#spyglass"},
				"west": {"uv": [0, 8, 2, 14], "texture": "#spyglass"},
				"up": {"uv": [3, 0, 5, 2], "texture": "#spyglass"},
				"down": {"uv": [0, 14, 2, 16], "texture": "#spyglass"}
			}
		}
	],
	"gui_light": "front",
	"display": {
		"thirdperson_righthand": {
			"translation": [0, -2, 0]
		},
		"ground": {
			"rotation": [90, 0, 0]
		},
		"gui": {
			"rotation": [-67.5, 0, 45],
			"scale": [1.5, 1.5, 1.5]
		},
		"head": {
			"rotation": [90, 0, 0],
			"translation": [0, 0, -16],
			"scale": [1.6, 1.6, 1.6]
		},
		"fixed": {
			"translation": [0, 0, -1.5],
			"scale": [1.5, 1.5, 1.5]
		}
	}
}