{
    "providers": [
        {
            "type": "bitmap",
            "file": "minecraft:001.png",
            "ascent": 8,
            "height": 9,
            "chars": ["\uE000"]
        },
        {
            "type": "bitmap",
            "file": "minecraft:002.png",
            "ascent": 8,
            "height": 9,
            "chars": ["\uE001"]
        },
        {
            "type": "bitmap",
            "file": "minecraft:003.png",
            "ascent": 8,
            "height": 9,
            "chars": ["\uE002"]
        },
        {
            "type": "bitmap",
            "file": "minecraft:004.png",
            "ascent": 8,
            "height": 9,
            "chars": ["႓"]
        },
        {
            "type": "bitmap",
            "file": "minecraft:005.png",
            "ascent": 30,
            "height": 30,
            "chars": ["\uE004"]
        },
        {
            "type": "bitmap",
            "file": "minecraft:006.png",
            "ascent": 30,
            "height": 30,
            "chars": ["\uE005"]
        },
        {
            "type": "bitmap",
            "file": "minecraft:007.png",
            "ascent": 30,
            "height": 30,
            "chars": ["\uE006"]
        },
        {
            "type": "bitmap",
            "file": "minecraft:008.png",
            "ascent": 30,
            "height": 30,
            "chars": ["\uE007"]
        },
        {
            "type": "bitmap",
            "file": "minecraft:009.png",
            "ascent": 400,
            "height": 1028,
            "chars": ["\uE008"]
        },
        {
            "type": "bitmap",
            "file": "minecraft:010.png",
            "ascent": 400,
            "height": 1028,
            "chars": ["\uE009"]
        },
        {
            "type": "bitmap",
            "file": "minecraft:011.png",
            "ascent": 400,
            "height": 1028,
            "chars": ["\uE010"]
        },
        {
            "type": "bitmap",
            "file": "minecraft:012.png",
            "ascent": 400,
            "height": 1028,
            "chars": ["\uE011"]
        },
        {
            "type": "bitmap",
            "file": "minecraft:013.png",
            "ascent": 400,
            "height": 1028,
            "chars": ["\uE012"]
        },
        {
            "type": "bitmap",
            "file": "minecraft:014.png",
            "ascent": 400,
            "height": 1028,
            "chars": ["\uE013"]
        },
        {
            "type": "bitmap",
            "file": "minecraft:015.png",
            "ascent": 400,
            "height": 1028,
            "chars": ["\uE014"]
        },
        {
            "type": "bitmap",
            "file": "minecraft:016.png",
            "ascent": 400,
            "height": 1028,
            "chars": ["\uE015"]
        },
        {
            "type": "bitmap",
            "file": "minecraft:017.png",
            "ascent": 400,
            "height": 1028,
            "chars": ["\uE016"]
        },
        {
            "type": "bitmap",
            "file": "minecraft:018.png",
            "ascent": 400,
            "height": 1028,
            "chars": ["\uE017"]
        },
        {
            "type": "bitmap",
            "file": "minecraft:019.png",
            "ascent": 400,
            "height": 1028,
            "chars": ["\uE018"]
        },
        {
            "type": "bitmap",
            "file": "minecraft:020.png",
            "ascent": 400,
            "height": 1028,
            "chars": ["\uE019"]
        }
    ]
}