{
    "providers": [
        {
            "type": "bitmap",
            "file": "minecraft:001.png",
            "ascent": 8,
            "height": 9,
            "chars": ["\uE000"]
        },
        {
            "type": "bitmap",
            "file": "minecraft:002.png",
            "ascent": 8,
            "height": 9,
            "chars": ["\uE001"]
        },
        {
            "type": "bitmap",
            "file": "minecraft:003.png",
            "ascent": 8,
            "height": 9,
            "chars": ["\uE002"]
        },
        {
            "type": "bitmap",
            "file": "minecraft:004.png",
            "ascent": 8,
            "height": 9,
            "chars": ["႓"]
        },
        {
            "type": "bitmap",
            "file": "minecraft:005.png",
            "ascent": 30,
            "height": 30,
            "chars": ["\uE004"]
        },
        {
            "type": "bitmap",
            "file": "minecraft:006.png",
            "ascent": 30,
            "height": 30,
            "chars": ["\uE005"]
        },
        {
            "type": "bitmap",
            "file": "minecraft:007.png",
            "ascent": 30,
            "height": 30,
            "chars": ["\uE006"]
        },
        {
            "type": "bitmap",
            "file": "minecraft:008.png",
            "ascent": 30,
            "height": 30,
            "chars": ["\uE007"]
        },
        {
            "type": "bitmap",
            "file": "minecraft:009.png",
            "ascent": 400,
            "height": 1028,
            "chars": ["\uE008"]
        },
        {
            "type": "bitmap",
            "file": "minecraft:010.png",
            "ascent": 400,
            "height": 1028,
            "chars": ["\uE009"]
        },
        {
            "type": "bitmap",
            "file": "minecraft:011.png",
            "ascent": 400,
            "height": 1028,
            "chars": ["\uE010"]
        },
        {
            "type": "bitmap",
            "file": "minecraft:012.png",
            "ascent": 400,
            "height": 1028,
            "chars": ["\uE011"]
        },
        {
            "type": "bitmap",
            "file": "minecraft:013.png",
            "ascent": 400,
            "height": 1028,
            "chars": ["\uE012"]
        },
        {
            "type": "bitmap",
            "file": "minecraft:014.png",
            "ascent": 400,
            "height": 1028,
            "chars": ["\uE013"]
        },
        {
            "type": "bitmap",
            "file": "minecraft:015.png",
            "ascent": 400,
            "height": 1028,
            "chars": ["\uE014"]
        },
        {
            "type": "bitmap",
            "file": "minecraft:016.png",
            "ascent": 400,
            "height": 1028,
            "chars": ["\uE015"]
        },
        {
            "type": "bitmap",
            "file": "minecraft:017.png",
            "ascent": 400,
            "height": 1028,
            "chars": ["\uE016"]
        },
        {
            "type": "bitmap",
            "file": "minecraft:018.png",
            "ascent": 400,
            "height": 1028,
            "chars": ["\uE017"]
        },
        {
            "type": "bitmap",
            "file": "minecraft:019.png",
            "ascent": 400,
            "height": 1028,
            "chars": ["\uE018"]
        },
        {
            "type": "bitmap",
            "file": "minecraft:020.png",
            "ascent": 400,
            "height": 1028,
            "chars": ["\uE019"]
        },
        {
            "type": "bitmap",
            "file": "minecraft:021.png",
            "ascent": 30,
            "height": 30,
            "chars": ["\uE020"]
        },
        {
			"type": "reference",
			"id": "minecraft:include/menus"
		},	
        {
			"type": "reference",
			"id": "minecraft:include/statistics"
		},			
        {
			"type": "reference",
			"id": "minecraft:include/hud"
		},			
        {
			"type": "reference",
			"id": "minecraft:include/gui"
		},	
        {
			"type": "reference",
			"id": "minecraft:include/advancement"
		},	
        {
			"type": "reference",
			"id": "minecraft:include/splash"
		},			
        {
			"type": "reference",
			"id": "minecraft:include/firework"
		},
        {
			"type": "reference",
			"id": "minecraft:include/banner_pattern"
        },			
        {
			"type": "reference",
			"id": "minecraft:include/language"
        },
		{
			"type": "reference",
			"id": "minecraft:include/tropical_fish"
		},
        {
			"type": "reference",
			"id": "minecraft:include/music"
        },		
        {
			"type": "reference",
			"id": "minecraft:include/map"
        },
        {
			"type": "reference",
			"id": "minecraft:include/smithing"
        },
		{
			"type": "reference",
			"id": "minecraft:include/magic"
        },
        {
			"type": "reference",
			"id": "minecraft:include/info"
        },
        {
			"type": "reference",
			"id": "minecraft:include/bee"
        },
		{
			"type": "reference",
			"id": "minecraft:include/toast"
		},
		{
			"type": "reference",
			"id": "minecraft:include/respackopts"
		},
		{
		"type":"space",
			"advances":{
				"󎀀":-90,
				"󎀁":2,
				"󎀂":-54,
				"󎀃":54,
				"󎀄": -30,
				"󎀅": -131
			}
		}
    ]
}