{
    "sources": [
        {
            "type": "directory",
            "source": "entity/boat",
            "prefix": "entity/boat/"
        },
        {
            "type": "directory",
            "source": "entity/chest_boat",
            "prefix": "entity/chest_boat/"
        },
        {
            "type": "single",
            "resource": "entity/minecart",
            "sprite": "entity/minecart"
        },
        {
            "type": "single",
            "resource": "entity/minecart_chest",
            "sprite": "entity/minecart_chest"
        }
    ]
}